--
-- PostgreSQL database dump
--

-- Dumped from database version 17.5
-- Dumped by pg_dump version 17.5

SET statement_timeout = 0;
SET lock_timeout = 0;
SET idle_in_transaction_session_timeout = 0;
SET transaction_timeout = 0;
SET client_encoding = 'UTF8';
SET standard_conforming_strings = on;
SELECT pg_catalog.set_config('search_path', '', false);
SET check_function_bodies = false;
SET xmloption = content;
SET client_min_messages = warning;
SET row_security = off;

SET default_tablespace = '';

SET default_table_access_method = heap;

--
-- Name: AspNetRoleClaims; Type: TABLE; Schema: public; Owner: postgres
--

CREATE TABLE public."AspNetRoleClaims" (
    "Id" integer NOT NULL,
    "RoleId" integer NOT NULL,
    "ClaimType" text,
    "ClaimValue" text
);


ALTER TABLE public."AspNetRoleClaims" OWNER TO postgres;

--
-- Name: AspNetRoleClaims_Id_seq; Type: SEQUENCE; Schema: public; Owner: postgres
--

ALTER TABLE public."AspNetRoleClaims" ALTER COLUMN "Id" ADD GENERATED BY DEFAULT AS IDENTITY (
    SEQUENCE NAME public."AspNetRoleClaims_Id_seq"
    START WITH 1
    INCREMENT BY 1
    NO MINVALUE
    NO MAXVALUE
    CACHE 1
);


--
-- Name: AspNetRoles; Type: TABLE; Schema: public; Owner: postgres
--

CREATE TABLE public."AspNetRoles" (
    "Id" integer NOT NULL,
    "Name" character varying(256),
    "NormalizedName" character varying(256),
    "ConcurrencyStamp" text
);


ALTER TABLE public."AspNetRoles" OWNER TO postgres;

--
-- Name: AspNetRoles_Id_seq; Type: SEQUENCE; Schema: public; Owner: postgres
--

ALTER TABLE public."AspNetRoles" ALTER COLUMN "Id" ADD GENERATED BY DEFAULT AS IDENTITY (
    SEQUENCE NAME public."AspNetRoles_Id_seq"
    START WITH 1
    INCREMENT BY 1
    NO MINVALUE
    NO MAXVALUE
    CACHE 1
);


--
-- Name: AspNetUserClaims; Type: TABLE; Schema: public; Owner: postgres
--

CREATE TABLE public."AspNetUserClaims" (
    "Id" integer NOT NULL,
    "UserId" integer NOT NULL,
    "ClaimType" text,
    "ClaimValue" text
);


ALTER TABLE public."AspNetUserClaims" OWNER TO postgres;

--
-- Name: AspNetUserClaims_Id_seq; Type: SEQUENCE; Schema: public; Owner: postgres
--

ALTER TABLE public."AspNetUserClaims" ALTER COLUMN "Id" ADD GENERATED BY DEFAULT AS IDENTITY (
    SEQUENCE NAME public."AspNetUserClaims_Id_seq"
    START WITH 1
    INCREMENT BY 1
    NO MINVALUE
    NO MAXVALUE
    CACHE 1
);


--
-- Name: AspNetUserLogins; Type: TABLE; Schema: public; Owner: postgres
--

CREATE TABLE public."AspNetUserLogins" (
    "LoginProvider" text NOT NULL,
    "ProviderKey" text NOT NULL,
    "ProviderDisplayName" text,
    "UserId" integer NOT NULL
);


ALTER TABLE public."AspNetUserLogins" OWNER TO postgres;

--
-- Name: AspNetUserRoles; Type: TABLE; Schema: public; Owner: postgres
--

CREATE TABLE public."AspNetUserRoles" (
    "UserId" integer NOT NULL,
    "RoleId" integer NOT NULL
);


ALTER TABLE public."AspNetUserRoles" OWNER TO postgres;

--
-- Name: AspNetUserTokens; Type: TABLE; Schema: public; Owner: postgres
--

CREATE TABLE public."AspNetUserTokens" (
    "UserId" integer NOT NULL,
    "LoginProvider" text NOT NULL,
    "Name" text NOT NULL,
    "Value" text
);


ALTER TABLE public."AspNetUserTokens" OWNER TO postgres;

--
-- Name: AspNetUsers; Type: TABLE; Schema: public; Owner: postgres
--

CREATE TABLE public."AspNetUsers" (
    "Id" integer NOT NULL,
    "UserName" character varying(256),
    "NormalizedUserName" character varying(256),
    "Email" character varying(256),
    "NormalizedEmail" character varying(256),
    "EmailConfirmed" boolean NOT NULL,
    "PasswordHash" text,
    "SecurityStamp" text,
    "ConcurrencyStamp" text,
    "PhoneNumber" text,
    "PhoneNumberConfirmed" boolean NOT NULL,
    "TwoFactorEnabled" boolean NOT NULL,
    "LockoutEnd" timestamp with time zone,
    "LockoutEnabled" boolean NOT NULL,
    "AccessFailedCount" integer NOT NULL,
    "AvatarUrl" text DEFAULT ''::text NOT NULL
);


ALTER TABLE public."AspNetUsers" OWNER TO postgres;

--
-- Name: AspNetUsers_Id_seq; Type: SEQUENCE; Schema: public; Owner: postgres
--

ALTER TABLE public."AspNetUsers" ALTER COLUMN "Id" ADD GENERATED BY DEFAULT AS IDENTITY (
    SEQUENCE NAME public."AspNetUsers_Id_seq"
    START WITH 1
    INCREMENT BY 1
    NO MINVALUE
    NO MAXVALUE
    CACHE 1
);


--
-- Name: Films; Type: TABLE; Schema: public; Owner: postgres
--

CREATE TABLE public."Films" (
    "Id" integer NOT NULL,
    "Name" text NOT NULL,
    "Year" integer NOT NULL,
    "Duration" interval NOT NULL,
    "Country" text NOT NULL,
    "Genre" text NOT NULL,
    "Director" text NOT NULL,
    "Description" text NOT NULL,
    "PosterPath" text
);


ALTER TABLE public."Films" OWNER TO postgres;

--
-- Name: Films_Id_seq; Type: SEQUENCE; Schema: public; Owner: postgres
--

ALTER TABLE public."Films" ALTER COLUMN "Id" ADD GENERATED BY DEFAULT AS IDENTITY (
    SEQUENCE NAME public."Films_Id_seq"
    START WITH 1
    INCREMENT BY 1
    NO MINVALUE
    NO MAXVALUE
    CACHE 1
);


--
-- Name: Reviews; Type: TABLE; Schema: public; Owner: postgres
--

CREATE TABLE public."Reviews" (
    "Id" integer NOT NULL,
    "Text" text NOT NULL,
    "Rating" integer NOT NULL,
    "UserId" integer NOT NULL,
    "FilmId" integer NOT NULL,
    "Title" text DEFAULT ''::text NOT NULL
);


ALTER TABLE public."Reviews" OWNER TO postgres;

--
-- Name: Reviews_Id_seq; Type: SEQUENCE; Schema: public; Owner: postgres
--

ALTER TABLE public."Reviews" ALTER COLUMN "Id" ADD GENERATED BY DEFAULT AS IDENTITY (
    SEQUENCE NAME public."Reviews_Id_seq"
    START WITH 1
    INCREMENT BY 1
    NO MINVALUE
    NO MAXVALUE
    CACHE 1
);


--
-- Name: __EFMigrationsHistory; Type: TABLE; Schema: public; Owner: postgres
--

CREATE TABLE public."__EFMigrationsHistory" (
    "MigrationId" character varying(150) NOT NULL,
    "ProductVersion" character varying(32) NOT NULL
);


ALTER TABLE public."__EFMigrationsHistory" OWNER TO postgres;

--
-- Data for Name: AspNetRoleClaims; Type: TABLE DATA; Schema: public; Owner: postgres
--

COPY public."AspNetRoleClaims" ("Id", "RoleId", "ClaimType", "ClaimValue") FROM stdin;
\.


--
-- Data for Name: AspNetRoles; Type: TABLE DATA; Schema: public; Owner: postgres
--

COPY public."AspNetRoles" ("Id", "Name", "NormalizedName", "ConcurrencyStamp") FROM stdin;
1	Admin	ADMIN	\N
2	User	USER	\N
\.


--
-- Data for Name: AspNetUserClaims; Type: TABLE DATA; Schema: public; Owner: postgres
--

COPY public."AspNetUserClaims" ("Id", "UserId", "ClaimType", "ClaimValue") FROM stdin;
\.


--
-- Data for Name: AspNetUserLogins; Type: TABLE DATA; Schema: public; Owner: postgres
--

COPY public."AspNetUserLogins" ("LoginProvider", "ProviderKey", "ProviderDisplayName", "UserId") FROM stdin;
\.


--
-- Data for Name: AspNetUserRoles; Type: TABLE DATA; Schema: public; Owner: postgres
--

COPY public."AspNetUserRoles" ("UserId", "RoleId") FROM stdin;
1	1
3	2
7	2
8	2
10	2
12	2
13	2
\.


--
-- Data for Name: AspNetUserTokens; Type: TABLE DATA; Schema: public; Owner: postgres
--

COPY public."AspNetUserTokens" ("UserId", "LoginProvider", "Name", "Value") FROM stdin;
\.


--
-- Data for Name: AspNetUsers; Type: TABLE DATA; Schema: public; Owner: postgres
--

COPY public."AspNetUsers" ("Id", "UserName", "NormalizedUserName", "Email", "NormalizedEmail", "EmailConfirmed", "PasswordHash", "SecurityStamp", "ConcurrencyStamp", "PhoneNumber", "PhoneNumberConfirmed", "TwoFactorEnabled", "LockoutEnd", "LockoutEnabled", "AccessFailedCount", "AvatarUrl") FROM stdin;
1	admin	ADMIN	admin@example.com	ADMIN@EXAMPLE.COM	f	AQAAAAIAAYagAAAAEB4HB7E1tzQnGvjsWN1tPC9eD2vSNft/3a+EvZzQHmcCURdQ4HAUKXybfbMvzNuSjg==	7KHQDFN553SKX3KNZ7TDTFQILV6K2MWM	3c050545-e3a9-432c-837d-76c9d6739f6a	\N	f	f	\N	t	0	
7	username4	USERNAME4	user4@example.com	USER4@EXAMPLE.COM	f	AQAAAAIAAYagAAAAEBmvC4Ij4ZHCPAH9HYKNuwEbekD2rymsKNJgYDwTWAOxbPVMgpbVOZgYw9QRROaCBg==	KIJCQPNCHZKCCKYRJ6ELBRONJ3ZSQP2E	c1bf939a-1989-45e1-8236-2d8912d29452	\N	f	f	\N	t	0	
10	username7	USERNAME7	user7@example.com	USER7@EXAMPLE.COM	f	AQAAAAIAAYagAAAAEPFSX6eruHKaS+p+wH5JBkwv/Go5zo++6XCFUS7z/iMPO80JZ17YxqFspa0ZB1wZNQ==	SMZATBIOU3T6JRHVGWK54YWVOCVM5J7S	c8f84c2f-31ad-40aa-94a5-b0162f0170f0	\N	f	f	\N	t	0	
8	username5	USERNAME5	user5@example.com	USER5@EXAMPLE.COM	f	AQAAAAIAAYagAAAAEDcN7QoESUa7lxTAOWziyzuv0xR8SlxuUOXuTwIPMFHHY4fXBDSmw/xLXAft61ySHQ==	MNFTILGWHCSS4XR45ILEYEOR7BMIMR6B	650d9593-18d4-4e11-b74e-10de707e02fc	\N	f	f	\N	t	0	/uploads/avatars/39311a8b-3228-4db9-b4d7-612f137e7611.png
12	username123	USERNAME123	user123@example.com	USER123@EXAMPLE.COM	f	AQAAAAIAAYagAAAAEEZJcLCFITzopDt1Z/wH6ik8jsNAtJ5Kyy619zDpfdLEapAcFiyNxZRF5Ri5nbjslQ==	PFQK2JR3555GKJKSQAF2ZC2H2LJXO7ZG	a2860c8c-b66c-4166-8b30-5e340c9c3c2b	\N	f	f	\N	t	0	/uploads/avatars/e5b36adc-22cd-4e5f-95cc-3f7da64d9e5c.png
3	username1	USERNAME1	user1@example.com	USER1@EXAMPLE.COM	f	AQAAAAIAAYagAAAAECrlw0ShQsrgzpEHFX7U1vnD9xTCR95D8StvDKlpTR9RuMH5DAtalpyu/iIGX+vU9w==	Q2QO6JIVAKUG5DUEQXUAQ2ZE4MITITYN	8d74957b-24f0-478a-8c51-05901c29893e	\N	f	f	\N	t	0	
13	username8	USERNAME8	username8@example.com	USERNAME8@EXAMPLE.COM	f	AQAAAAIAAYagAAAAEH8QifwdNo4eZrMgmgALsVsm+ovSJUTZ7oazgM0RYtrTwke3x5wLjjM/FmYBMRx6CA==	FHDPZJ3W2OO3PBTGUVQQHWNTPJIXTODC	f425fe11-d6f9-4aff-a86b-6769e00305cd	\N	f	f	\N	t	0	
\.


--
-- Data for Name: Films; Type: TABLE DATA; Schema: public; Owner: postgres
--

COPY public."Films" ("Id", "Name", "Year", "Duration", "Country", "Genre", "Director", "Description", "PosterPath") FROM stdin;
27	Назад в будущее	1985	01:56:00	США	 фантастика, комедия, приключения	 Роберт Земекис	Подросток Марти с помощью машины времени, сооружённой его другом-профессором доком Брауном, попадает из 80-х в далекие 50-е. Там он встречается со своими будущими родителями, ещё подростками, и другом-профессором, совсем молодым.	/uploads/posters/3df0a407-c322-4782-9c9a-b462387c3601.png
5	Интерстеллар	2014	02:49:00	 США, Великобритания, Канада	 фантастика, драма, приключения	 Кристофер Нолан	Когда засуха, пыльные бури и вымирание растений приводят человечество к продовольственному кризису, коллектив исследователей и учёных отправляется сквозь червоточину (которая предположительно соединяет области пространства-времени через большое расстояние) в путешествие, чтобы превзойти прежние ограничения для космических путешествий человека и найти планету с подходящими для человечества условиями.	/uploads/posters/f6661dbc-48f9-4290-bd84-0161100ec4cc.png
6	1+1	2011	01:52:00	Франция	 драма, комедия	 Оливье Накаш, Эрик Толедано	Пострадав в результате несчастного случая, богатый аристократ Филипп нанимает в помощники человека, который менее всего подходит для этой работы, – молодого жителя предместья Дрисса, только что освободившегося из тюрьмы. Несмотря на то, что Филипп прикован к инвалидному креслу, Дриссу удается привнести в размеренную жизнь аристократа дух приключений.	/uploads/posters/3ef62d18-3653-476d-8431-b0ba7388b8f7.png
8	Побег из Шоушенка	1994	02:22:00	США	драма	 Фрэнк Дарабонт	Бухгалтер Энди Дюфрейн обвинён в убийстве собственной жены и её любовника. Оказавшись в тюрьме под названием Шоушенк, он сталкивается с жестокостью и беззаконием, царящими по обе стороны решётки. Каждый, кто попадает в эти стены, становится их рабом до конца жизни. Но Энди, обладающий живым умом и доброй душой, находит подход как к заключённым, так и к охранникам, добиваясь их особого к себе расположения.	/uploads/posters/8f3a1d89-d4a0-45f6-b033-6c362941041c.png
9	Джентльмены	2019	01:53:00	США, Великобритания	криминал, комедия, боевик	Гай Ричи	Один ушлый американец ещё со студенческих лет приторговывал наркотиками, а теперь придумал схему нелегального обогащения с использованием поместий обедневшей английской аристократии и очень неплохо на этом разбогател. Другой пронырливый журналист приходит к Рэю, правой руке американца, и предлагает тому купить киносценарий, в котором подробно описаны преступления его босса при участии других представителей лондонского криминального мира — партнёра-еврея, китайской диаспоры, чернокожих спортсменов и даже русского олигарха.	/uploads/posters/4ea0f4df-c4c7-4eb2-896f-240b9117d930.png
10	 Остров проклятых	2009	02:18:00	США, Канада	 триллер, детектив, драма	 Мартин Скорсезе	Два американских судебных пристава отправляются на один из островов в штате Массачусетс, чтобы расследовать исчезновение пациентки клиники для умалишенных преступников. При проведении расследования им придется столкнуться с паутиной лжи, обрушившимся ураганом и смертельным бунтом обитателей клиники.	/uploads/posters/d8a04d98-cfeb-47da-903a-f2515c9f3cb6.png
11	Властелин колец: Возвращение короля	2003	03:21:00	 Новая Зеландия, США	 фэнтези, приключения, драма, боевик	Питер Джексон	Повелитель сил тьмы Саурон направляет свою бесчисленную армию под стены Минас-Тирита, крепости Последней Надежды. Он предвкушает близкую победу, но именно это мешает ему заметить две крохотные фигурки — хоббитов, приближающихся к Роковой Горе, где им предстоит уничтожить Кольцо Всевластья.	/uploads/posters/bf2a2006-beb7-4c78-8866-80fbffe24084.png
12	Терминатор 2: Судный день	1991	02:17:00	 США, Франция	 фантастика, боевик, триллер	 Джеймс Кэмерон	Прошло более десяти лет с тех пор, как киборг из 2029 года пытался уничтожить Сару Коннор — женщину, чей будущий сын выиграет войну человечества против машин.\n\nТеперь у Сары родился сын Джон и время, когда он поведёт за собой выживших людей на борьбу с машинами, неумолимо приближается. Именно в этот момент из постапокалиптического будущего прибывает новый терминатор — практически неуязвимая модель T-1000, способная принимать любое обличье. Цель нового терминатора уже не Сара, а уничтожение молодого Джона Коннора.\n\nОднако шансы Джона на спасение существенно повышаются, когда на помощь приходит перепрограммированный сопротивлением терминатор предыдущего поколения. Оба киборга вступают в смертельный бой, от исхода которого зависит судьба человечества.	/uploads/posters/465ce753-72ca-421d-aa44-a1719c4cf84a.png
13	Бойцовский клуб	1999	02:19:00	США, Германия	 триллер, драма, криминал	 Дэвид Финчер	Сотрудник страховой компании страдает хронической бессонницей и отчаянно пытается вырваться из мучительно скучной жизни. Однажды в очередной командировке он встречает некоего Тайлера Дёрдена — харизматического торговца мылом с извращенной философией. Тайлер уверен, что самосовершенствование — удел слабых, а единственное, ради чего стоит жить, — саморазрушение.\n\nПроходит немного времени, и вот уже новые друзья лупят друг друга почем зря на стоянке перед баром, и очищающий мордобой доставляет им высшее блаженство. Приобщая других мужчин к простым радостям физической жестокости, они основывают тайный Бойцовский клуб, который начинает пользоваться невероятной популярностью.	/uploads/posters/028cc283-0c7b-4114-b6c5-058caf8b9677.png
14	Зеленая книга	2018	02:10:00	 США, Китай	 биография, комедия, драма	 Питер Фаррелли	1960-е годы. После закрытия нью-йоркского ночного клуба на ремонт вышибала Тони по прозвищу Болтун ищет подработку на пару месяцев. Как раз в это время Дон Ширли — утонченный светский лев, богатый и талантливый чернокожий музыкант, исполняющий классическую музыку — собирается в турне по южным штатам, где ещё сильны расистские убеждения и царит сегрегация. Он нанимает Тони в качестве водителя, телохранителя и человека, способного решать текущие проблемы. У этих двоих так мало общего, и эта поездка навсегда изменит жизнь обоих.	/uploads/posters/d7c7690d-7b35-4653-8812-10385b274ed7.png
15	Унесённые призраками	2001	02:04:00	Япония	 аниме, мультфильм, фэнтези, приключения, семейный	 Хаяо Миядзаки	Тихиро с мамой и папой переезжает в новый дом. Заблудившись по дороге, они оказываются в странном пустынном городе, где их ждет великолепный пир. Родители с жадностью набрасываются на еду и к ужасу девочки превращаются в свиней, став пленниками злой колдуньи Юбабы. Теперь, оказавшись одна среди волшебных существ и загадочных видений, Тихиро должна придумать, как избавить своих родителей от чар коварной старухи.	/uploads/posters/eebe3e20-dff6-4231-9bf4-f5b74185ab3a.png
25	Шрэк	2001	01:30:00	США	 мультфильм, фэнтези, мелодрама, комедия, приключения, семейный	 Эндрю Адамсон, Вики Дженсон	Жил да был в сказочном государстве большой зеленый великан по имени Шрэк. Жил он в гордом одиночестве в лесу, на болоте, которое считал своим. Но однажды злобный коротышка — лорд Фаркуад, правитель волшебного королевства, безжалостно согнал на Шрэково болото всех сказочных обитателей.\n\nИ беспечной жизни зеленого великана пришел конец. Но лорд Фаркуад пообещал вернуть Шрэку болото, если великан добудет ему прекрасную принцессу Фиону, которая томится в неприступной башне, охраняемой огнедышащим драконом.	/uploads/posters/845a4c22-b68c-48e2-abc8-40625bed525d.png
16	Властелин колец: Братство кольца	2001	02:58:00	Новая Зеландия, США	фэнтези, приключения, драма, боевик	Питер Джексон	Сказания о Средиземье — это хроника Великой войны за Кольцо, длившейся не одну тысячу лет. Тот, кто владел Кольцом, получал неограниченную власть, но был обязан служить злу.\n\nТихая деревня, где живут хоббиты. Придя на 111-й день рождения к своему старому другу Бильбо Бэггинсу, волшебник Гэндальф начинает вести разговор о кольце, которое Бильбо нашел много лет назад. Это кольцо принадлежало когда-то темному властителю Средиземья Саурону, и оно дает большую власть своему обладателю. Теперь Саурон хочет вернуть себе власть над Средиземьем. Бильбо отдает Кольцо племяннику Фродо, чтобы тот отнёс его к Роковой Горе и уничтожил.	/uploads/posters/57d7bac5-913c-4f2e-93c3-3243884ada65.png
17	Начало	2010	02:28:00	 США, Великобритания	 фантастика, боевик, триллер, драма, детектив	 Кристофер Нолан	Кобб – талантливый вор, лучший из лучших в опасном искусстве извлечения: он крадет ценные секреты из глубин подсознания во время сна, когда человеческий разум наиболее уязвим. Редкие способности Кобба сделали его ценным игроком в привычном к предательству мире промышленного шпионажа, но они же превратили его в извечного беглеца и лишили всего, что он когда-либо любил.\n\nИ вот у Кобба появляется шанс исправить ошибки. Его последнее дело может вернуть все назад, но для этого ему нужно совершить невозможное – инициацию. Вместо идеальной кражи Кобб и его команда спецов должны будут провернуть обратное. Теперь их задача – не украсть идею, а внедрить ее. Если у них получится, это и станет идеальным преступлением.\n\nНо никакое планирование или мастерство не могут подготовить команду к встрече с опасным противником, который, кажется, предугадывает каждый их ход. Врагом, увидеть которого мог бы лишь Кобб.	/uploads/posters/2c2614a7-28a6-495d-a7e2-5491bdbf6bf8.png
18	Гладиатор	2000	02:35:00	 США, Великобритания, Мальта, Марокко	 история, боевик, драма	 Ридли Скотт	Римская империя. Бесстрашного и благородного генерала Максимуса боготворят солдаты, а старый император Марк Аврелий безгранично доверяет ему и относится как к сыну. Однако опытный воин, готовый сразиться с любым противником в честном бою, оказывается бессильным перед коварными придворными интригами. Коммод, сын Марка Аврелия, убивает отца, который планировал сделать преемником не его, а Максимуса, и захватывает власть. Решив избавиться от опасного соперника, который к тому же отказывается присягнуть ему на верность, Коммод отдаёт приказ убить Максимуса и всю его семью. Чудом выжив, но не сумев спасти близких, Максимус попадает в плен к работорговцу, который продаёт его организатору гладиаторских боёв Проксимо. Так легендарный полководец становится гладиатором. Но вскоре ему представится шанс встретиться со своим смертельным врагом лицом к лицу.	/uploads/posters/9126aeab-e2f2-4825-a928-5d6e4b52f1c6.png
19	Властелин колец: Две крепости	2002	02:59:00	 Новая Зеландия, США	 фэнтези, приключения, драма, боевик	 Питер Джексон	Братство распалось, но Кольцо Всевластья должно быть уничтожено. Фродо и Сэм вынуждены довериться Голлуму, который взялся провести их к вратам Мордора. Громадная армия Сарумана приближается: члены братства и их союзники готовы принять бой. Битва за Средиземье продолжается.	/uploads/posters/300a8b1e-2be0-49ac-a18f-bc61df4c768c.png
20	Операция «Ы» и другие приключения Шурика	1965	01:35:00	СССР	 комедия, мелодрама, криминал	 Леонид Гайдай	Студент Шурик попадает в самые невероятные ситуации: сражается с хулиганом Верзилой, весьма оригинальным способом готовится к экзамену и предотвращает «ограбление века», на которое идёт троица бандитов — Балбес, Трус и Бывалый.	/uploads/posters/f9757605-d495-41b3-b34c-14a314605d08.png
21	Темный рыцарь	2008	02:32:00	 США, Великобритания	 фантастика, боевик, триллер, криминал, драма	 Кристофер Нолан	Бэтмен поднимает ставки в войне с криминалом. С помощью лейтенанта Джима Гордона и прокурора Харви Дента он намерен очистить улицы Готэма от преступности. Сотрудничество оказывается эффективным, но скоро они обнаружат себя посреди хаоса, развязанного восходящим криминальным гением, известным напуганным горожанам под именем Джокер.	/uploads/posters/558c36ee-4cf2-419e-bd1c-1352aeedfbf4.png
22	Брат	1997	01:36:00	 Россия	 драма, криминал, боевик	 Алексей Балабанов	Демобилизовавшись, Данила Багров возвращается в родной городок. Но скучная жизнь провинции его не устраивает, и он отправляется в Петербург, где, по слухам, уже несколько лет процветает его старший брат. Данила находит брата, но всё оказывается не так просто — брат работает наемным убийцей.	/uploads/posters/c52f668c-fc4b-4ef5-85c9-8bff6ef598a9.png
23	Крестный отец	1972	02:55:00	США	 драма, криминал	 Фрэнсис Форд Коппола	Криминальная сага, повествующая о нью-йоркской сицилийской мафиозной семье Корлеоне. Фильм охватывает период 1945-1955 годов.\n\nГлава семьи, Дон Вито Корлеоне, выдаёт замуж свою дочь. В это время со Второй мировой войны возвращается его любимый сын Майкл. Майкл, герой войны, гордость семьи, не выражает желания заняться жестоким семейным бизнесом. Дон Корлеоне ведёт дела по старым правилам, но наступают иные времена, и появляются люди, желающие изменить сложившиеся порядки. На Дона Корлеоне совершается покушение.	/uploads/posters/eeac74e9-1193-428d-9126-3bf72004b928.png
24	Брат 2	2000	02:07:00	 Россия, США	 боевик, криминал	 Алексей Балабанов	Участвуя в программе на телевидении, Данила Багров встречает своих друзей по службе в Чечне. Одного из них внезапно убивают. Выясняется, что у того были неприятности из-за брата-хоккеиста в Америке. Данила должен разобраться. Он вылетает в Америку и за компанию берёт с собой старшего брата.	/uploads/posters/089388e6-d9b4-4695-9a82-65ea1407a9d9.png
26	Большой куш	2000	01:44:00	 Великобритания, США	 криминал, комедия, боевик	 Гай Ричи	Фрэнки Четыре Пальца должен был переправить краденый алмаз из Англии в США своему боссу Эви, но, сделав ставку на подпольный боксерский поединок, он попал в круговорот весьма нежелательных событий. Вокруг него и его груза разворачивается сложная интрига с участием множества колоритных персонажей лондонского дна — русского гангстера, троих незадачливых грабителей, хитрого боксера и угрюмого громилы грозного мафиози. Каждый норовит в одиночку сорвать большой куш.	/uploads/posters/07ec10e7-cff6-4b64-99a8-04102eaac7be.png
\.


--
-- Data for Name: Reviews; Type: TABLE DATA; Schema: public; Owner: postgres
--

COPY public."Reviews" ("Id", "Text", "Rating", "UserId", "FilmId", "Title") FROM stdin;
16	Lorem ipsum dolor sit amet, consectetuer adipiscing elit. Aenean commodo ligula eget dolor. Aenean massa. Cum sociis natoque penatibus et magnis dis parturient montes, nascetur ridiculus mus. Donec quam felis, ultricies nec, pellentesque eu, pretium quis, sem. Nulla consequat massa quis enim.\n\nDonec pede justo, fringilla vel, aliquet nec, vulputate eget, arcu. In enim justo, rhoncus ut, imperdiet a, venenatis vitae, justo. Nullam dictum felis eu pede mollis pretium. Integer tincidunt. Cras dapibus. Vivamus elementum semper nisi. Aenean vulputate eleifend tellus.\n\nAenean leo ligula, porttitor eu, consequat vitae, eleifend ac, enim. Aliquam lorem ante, dapibus in, viverra quis, feugiat a, tellus. Phasellus viverra nulla ut metus varius laoreet. Quisque rutrum. Aenean imperdiet. Etiam ultricies nisi vel augue. Curabitur ullamcorper ultricies nisi. Nam eget dui.\n\nEtiam rhoncus. Maecenas tempus, tellus eget condimentum rhoncus, sem quam semper libero, sit amet adipiscing sem neque sed ipsum. Nam quam nunc, blandit vel, luctus pulvinar, hendrerit id, lorem. Maecenas nec odio et ante tincidunt tempus. Donec vitae sapien ut libero venenatis faucibus. Nullam quis ante.\n\nEtiam sit amet orci eget eros faucibus tincidunt. Duis leo. Sed fringilla mauris sit amet nibh. Donec sodales sagittis magna. Sed consequat, leo eget bibendum sodales, augue velit cursus nunc, quis gravida magna mi a libero. Fusce vulputate eleifend sapien. Vestibulum purus quam, scelerisque ut, mollis sed, nonummy id, metus. Nullam accumsan lorem in dui. Cras ultricies mi eu turpis hendrerit fringilla. Vestibulum ante ipsum primis in faucibus orci luctus et ultrices posuere cubilia Curae; In ac dui quis mi.	7	8	5	Review 123
11	Рыбный текст\nLorem ipsum dolor sit amet, consectetuer adipiscing elit. Aenean commodo ligula eget dolor. Aenean massa.\n\nCum sociis natoque penatibus et magnis dis parturient montes, nascetur ridiculus mus. Donec quam felis, ultricies nec, pellentesque eu, pretium quis, sem.\n\nNulla consequat massa quis enim. Donec pede justo, fringilla vel, aliquet nec, vulputate eget, arcu. In enim justo, rhoncus ut, imperdiet a, venenatis vitae, justo.\n\nNullam dictum felis eu pede mollis pretium. Integer tincidunt. Cras dapibus. Vivamus elementum semper nisi. Aenean vulputate eleifend tellus.\n\nAenean leo ligula, porttitor eu, consequat vitae, eleifend ac, enim. Aliquam lorem ante, dapibus in, viverra quis, feugiat a, tellus. Phasellus viverra nulla ut metus varius laoreet. Quisque rutrum. Aenean imperdiet. Etiam ultricies nisi vel augue. Curabitur ullamcorper ultricies nisi. Nam eget dui. Etiam rhoncus. Maecenas tempus, tellus eget	5	3	6	Lorem ipsum
12	бный текст\nLorem ipsum dolor sit amet, consectetuer adipiscing elit. Aenean commodo ligula eget dolor. Aenean massa.\n\nCum sociis natoque penatibus et magnis dis parturient montes, nascetur ridiculus mus. Donec quam felis, ultricies nec, pellentesque eu, pretium quis, sem.\n\nNulla consequat massa quis enim. Donec pede justo, fringilla vel, aliquet nec, vulputate eget, arcu. In enim justo, rhoncus ut, imperdiet a, venenatis vitae, justo.\n\nNullam dictum felis eu pede mollis pretium. Integer tincidunt. Cras dapibus. Vivamus elementum semper nisi. Aenean vulputate eleifend tellus.\n\nAenean leo ligula, porttitor eu, consequat vitae, eleifend ac, enim. Aliquam lorem ante, dapibus in, viverra quis, feugiat a, tellus. Phasellus viverra nulla ut metus varius laoreet. Quisque rutrum. Aenean imperdiet. Etiam ultricies nisi vel augue. Curabitur ullamcorper ultricies nisi. Nam eget dui. Etiam rhoncus. Maecenas tempus, tellus eget	9	3	8	consectetuer adipiscing elit
13	Lorem ipsum dolor sit amet, consectetuer adipiscing elit. Aenean commodo ligula eget dolor. Aenean massa. Cum sociis natoque penatibus et magnis dis parturient montes, nascetur ridiculus mus. Donec quam felis, ultricies nec, pellentesque eu, pretium quis, sem.\n\nNulla consequat massa quis enim. Donec pede justo, fringilla vel, aliquet nec, vulputate eget, arcu. In enim justo, rhoncus ut, imperdiet a, venenatis vitae, justo. Nullam dictum felis eu pede mollis pretium. Integer tincidunt. Cras dapibus. Vivamus elementum semper nisi.\n\nAenean vulputate eleifend tellus. Aenean leo ligula, porttitor eu, consequat vitae, eleifend ac, enim. Aliquam lorem ante, dapibus in, viverra quis, feugiat a, tellus. Phasellus viverra nulla ut metus varius laoreet. Quisque rutrum. Aenean imperdiet. Etiam ultricies nisi vel augue. Curabitur ullamcorper ultricies nisi. Nam eget dui. Etiam rhoncus. Maecenas tempus, tellus eget condimentum rhoncus, sem quam semper libero, sit amet adipiscing sem neque sed ipsum. Nam quam nunc, blandit vel, luctus pulvinar.	9	7	5	Aenean commodo
14	Lorem ipsum dolor sit amet, consectetuer adipiscing elit. Aenean commodo ligula eget dolor. Aenean massa. Cum sociis natoque penatibus et magnis dis parturient montes, nascetur ridiculus mus. Donec quam felis, ultricies nec, pellentesque eu, pretium quis, sem.\n\nNulla consequat massa quis enim. Donec pede justo, fringilla vel, aliquet nec, vulputate eget, arcu. In enim justo, rhoncus ut, imperdiet a, venenatis vitae, justo. Nullam dictum felis eu pede mollis pretium. Integer tincidunt. Cras dapibus. Vivamus elementum semper nisi.	3	7	6	 dolor sit amet
15	Lorem ipsum dolor sit amet, consectetuer adipiscing elit. Aenean commodo ligula eget dolor. Aenean massa. Cum sociis natoque penatibus et magnis dis parturient montes, nascetur ridiculus mus. Donec quam felis, ultricies nec, pellentesque eu, pretium quis, sem. Nulla consequat massa quis enim. Donec pede justo, fringilla vel, aliquet nec, vulputate eget, arcu. In enim justo, rhoncus ut, imperdiet a, venenatis vitae, justo.\n\nNullam dictum felis eu pede mollis pretium. Integer tincidunt. Cras dapibus. Vivamus elementum semper nisi. Aenean vulputate eleifend tellus. Aenean leo ligula, porttitor eu, consequat vitae, eleifend ac, enim. Aliquam lorem ante, dapibus in, viverra quis, feugiat a, tellus. Phasellus viverra nulla ut metus varius laoreet. Quisque rutrum. Aenean imperdiet. Etiam ultricies nisi vel augue. Curabitur ullamcorper ultricies nisi. Nam eget dui.\n\nEtiam rhoncus. Maecenas tempus, tellus eget condimentum rhoncus, sem quam semper libero, sit amet adipiscing sem neque sed ipsum. Nam quam nunc, blandit vel, luctus pulvinar, hendrerit id, lorem. Maecenas nec odio et ante tincidunt tempus. Donec vitae sapien ut libero venenatis faucibus. Nullam quis ante. Etiam sit amet orci eget eros faucibus tincidunt. Duis leo. Sed fringilla mauris sit amet nibh. Donec sodales sagittis magna. Sed consequat, leo eget bibendum sodales, augue velit cursus nunc, quis gravida magna mi a libero. Fusce vulputate eleifend sapien. Vestibulum purus quam, scelerisque ut, mollis sed, nonummy id, metus. Nullam accumsan lorem in dui. Cras ultricies mi eu turpis hendrerit fringilla. Vestibulum ante ipsum primis in faucibus orci luctus et ultrices posuere cubilia Curae; In ac dui quis mi	8	7	8	Lorem ipsum dolor sit amet
17	Lorem ipsum dolor sit amet, consectetuer adipiscing elit.\n\nAenean commodo ligula eget dolor. Aenean massa.\n\nCum sociis natoque penatibus et magnis dis parturient montes, nascetur ridiculus mus.\n\nDonec quam felis, ultricies nec, pellentesque eu, pretium quis, sem.\n\nNulla consequat massa quis enim. Donec pede justo, fringilla vel, aliquet nec, vulputate	6	8	6	Отзыв 123
18	Lorem ipsum dolor sit amet, consectetuer adipiscing elit. Aenean commodo ligula eget dolor. Aenean massa. Cum sociis natoque penatibus et magnis dis parturient montes, nascetur ridiculus mus. Donec quam felis, ultricies nec, pellentesque eu, pretium quis, sem.\n\nNulla consequat massa quis enim. Donec pede justo, fringilla vel, aliquet nec, vulputate eget, arcu. In enim justo, rhoncus ut, imperdiet a, venenatis vitae, justo. Nullam dictum felis eu pede mollis pretium. Integer tincidunt. Cras dapibus. Vivamus elementum semper nisi.\n\nAenean vulputate eleifend tellus. Aenean leo ligula, porttitor eu, consequat vitae, eleifend ac, enim. Aliquam lorem ante, dapibus in, viverra quis, feugiat a, tellus. Phasellus viverra nulla ut metus varius laoreet. Quisque rutrum. Aenean imperdiet. Etiam ultricies nisi vel augue. Curabitur ullamcorper ultricies nisi. Nam eget dui. Etiam rhoncus. Maecenas tempus, tellus eget condimentum rhoncus, sem quam semper libero, sit amet adipiscing sem neque sed ipsum. Nam quam nunc, blandit vel, luctus pulvinar,	5	8	8	Отзыв 321 заголовок
19	Lorem ipsum dolor sit amet, consectetuer adipiscing elit. Aenean commodo ligula eget dolor. Aenean massa. Cum sociis natoque penatibus et magnis dis parturient montes, nascetur ridiculus mus. Donec quam felis, ultricies nec, pellentesque eu, pretium quis, sem.\n\nNulla consequat massa quis enim. Donec pede justo, fringilla vel, aliquet nec, vulputate eget, arcu. In enim justo, rhoncus ut, imperdiet a, venenatis vitae, justo. Nullam dictum felis eu pede mollis pretium. Integer tincidunt. Cras dapibus. Vivamus elementum semper nisi.\n\nAenean vulputate eleifend tellus. Aenean leo ligula, porttitor eu, consequat vitae, eleifend ac, enim. Aliquam lorem ante, dapibus in, viverra quis, feugiat a, tellus. Phasellus viverra nulla ut metus varius laoreet. Quisque rutrum. Aenean imperdiet. Etiam ultricies nisi vel augue.	8	10	5	Ещё один отзыв...
10	Lorem ipsum dolor sit amet, consectetuer adipiscing elit. Aenean commodo ligula eget dolor. Aenean massa. Cum sociis natoque penatibus et magnis dis parturient montes, nascetur ridiculus mus. Donec quam felis, ultricies nec, pellentesque eu, pretium quis, sem. Nulla consequat massa quis enim. Donec pede justo, fringilla vel, aliquet nec, vulputate eget, arcu. In enim justo, rhoncus ut, imperdiet a, venenatis vitae, justo. Nullam dictum felis eu pede mollis pretium. Integer tincidunt. Cras dapibus. Vivamus elementum semper nisi. Aenean vulputate eleifend tellus. Aenean leo ligula, porttitor eu, consequat vitae, eleifend ac, enim. Aliquam lorem ante, dapibus in, viverra quis, feugiat a,	7	3	5	Отзыв 123
\.


--
-- Data for Name: __EFMigrationsHistory; Type: TABLE DATA; Schema: public; Owner: postgres
--

COPY public."__EFMigrationsHistory" ("MigrationId", "ProductVersion") FROM stdin;
20251121082215_InitialCreate_v2	9.0.9
20251124070939_AddAvatarUrlToUser	9.0.9
20251202103521_MakeEmailUnique	9.0.9
20251212073700_AddTitleToReview	9.0.9
\.


--
-- Name: AspNetRoleClaims_Id_seq; Type: SEQUENCE SET; Schema: public; Owner: postgres
--

SELECT pg_catalog.setval('public."AspNetRoleClaims_Id_seq"', 1, false);


--
-- Name: AspNetRoles_Id_seq; Type: SEQUENCE SET; Schema: public; Owner: postgres
--

SELECT pg_catalog.setval('public."AspNetRoles_Id_seq"', 2, true);


--
-- Name: AspNetUserClaims_Id_seq; Type: SEQUENCE SET; Schema: public; Owner: postgres
--

SELECT pg_catalog.setval('public."AspNetUserClaims_Id_seq"', 1, false);


--
-- Name: AspNetUsers_Id_seq; Type: SEQUENCE SET; Schema: public; Owner: postgres
--

SELECT pg_catalog.setval('public."AspNetUsers_Id_seq"', 13, true);


--
-- Name: Films_Id_seq; Type: SEQUENCE SET; Schema: public; Owner: postgres
--

SELECT pg_catalog.setval('public."Films_Id_seq"', 27, true);


--
-- Name: Reviews_Id_seq; Type: SEQUENCE SET; Schema: public; Owner: postgres
--

SELECT pg_catalog.setval('public."Reviews_Id_seq"', 19, true);


--
-- Name: AspNetRoleClaims PK_AspNetRoleClaims; Type: CONSTRAINT; Schema: public; Owner: postgres
--

ALTER TABLE ONLY public."AspNetRoleClaims"
    ADD CONSTRAINT "PK_AspNetRoleClaims" PRIMARY KEY ("Id");


--
-- Name: AspNetRoles PK_AspNetRoles; Type: CONSTRAINT; Schema: public; Owner: postgres
--

ALTER TABLE ONLY public."AspNetRoles"
    ADD CONSTRAINT "PK_AspNetRoles" PRIMARY KEY ("Id");


--
-- Name: AspNetUserClaims PK_AspNetUserClaims; Type: CONSTRAINT; Schema: public; Owner: postgres
--

ALTER TABLE ONLY public."AspNetUserClaims"
    ADD CONSTRAINT "PK_AspNetUserClaims" PRIMARY KEY ("Id");


--
-- Name: AspNetUserLogins PK_AspNetUserLogins; Type: CONSTRAINT; Schema: public; Owner: postgres
--

ALTER TABLE ONLY public."AspNetUserLogins"
    ADD CONSTRAINT "PK_AspNetUserLogins" PRIMARY KEY ("LoginProvider", "ProviderKey");


--
-- Name: AspNetUserRoles PK_AspNetUserRoles; Type: CONSTRAINT; Schema: public; Owner: postgres
--

ALTER TABLE ONLY public."AspNetUserRoles"
    ADD CONSTRAINT "PK_AspNetUserRoles" PRIMARY KEY ("UserId", "RoleId");


--
-- Name: AspNetUserTokens PK_AspNetUserTokens; Type: CONSTRAINT; Schema: public; Owner: postgres
--

ALTER TABLE ONLY public."AspNetUserTokens"
    ADD CONSTRAINT "PK_AspNetUserTokens" PRIMARY KEY ("UserId", "LoginProvider", "Name");


--
-- Name: AspNetUsers PK_AspNetUsers; Type: CONSTRAINT; Schema: public; Owner: postgres
--

ALTER TABLE ONLY public."AspNetUsers"
    ADD CONSTRAINT "PK_AspNetUsers" PRIMARY KEY ("Id");


--
-- Name: Films PK_Films; Type: CONSTRAINT; Schema: public; Owner: postgres
--

ALTER TABLE ONLY public."Films"
    ADD CONSTRAINT "PK_Films" PRIMARY KEY ("Id");


--
-- Name: Reviews PK_Reviews; Type: CONSTRAINT; Schema: public; Owner: postgres
--

ALTER TABLE ONLY public."Reviews"
    ADD CONSTRAINT "PK_Reviews" PRIMARY KEY ("Id");


--
-- Name: __EFMigrationsHistory PK___EFMigrationsHistory; Type: CONSTRAINT; Schema: public; Owner: postgres
--

ALTER TABLE ONLY public."__EFMigrationsHistory"
    ADD CONSTRAINT "PK___EFMigrationsHistory" PRIMARY KEY ("MigrationId");


--
-- Name: EmailIndex; Type: INDEX; Schema: public; Owner: postgres
--

CREATE INDEX "EmailIndex" ON public."AspNetUsers" USING btree ("NormalizedEmail");


--
-- Name: IX_AspNetRoleClaims_RoleId; Type: INDEX; Schema: public; Owner: postgres
--

CREATE INDEX "IX_AspNetRoleClaims_RoleId" ON public."AspNetRoleClaims" USING btree ("RoleId");


--
-- Name: IX_AspNetUserClaims_UserId; Type: INDEX; Schema: public; Owner: postgres
--

CREATE INDEX "IX_AspNetUserClaims_UserId" ON public."AspNetUserClaims" USING btree ("UserId");


--
-- Name: IX_AspNetUserLogins_UserId; Type: INDEX; Schema: public; Owner: postgres
--

CREATE INDEX "IX_AspNetUserLogins_UserId" ON public."AspNetUserLogins" USING btree ("UserId");


--
-- Name: IX_AspNetUserRoles_RoleId; Type: INDEX; Schema: public; Owner: postgres
--

CREATE INDEX "IX_AspNetUserRoles_RoleId" ON public."AspNetUserRoles" USING btree ("RoleId");


--
-- Name: IX_AspNetUsers_Email; Type: INDEX; Schema: public; Owner: postgres
--

CREATE UNIQUE INDEX "IX_AspNetUsers_Email" ON public."AspNetUsers" USING btree ("Email");


--
-- Name: IX_Reviews_FilmId; Type: INDEX; Schema: public; Owner: postgres
--

CREATE INDEX "IX_Reviews_FilmId" ON public."Reviews" USING btree ("FilmId");


--
-- Name: IX_Reviews_UserId; Type: INDEX; Schema: public; Owner: postgres
--

CREATE INDEX "IX_Reviews_UserId" ON public."Reviews" USING btree ("UserId");


--
-- Name: RoleNameIndex; Type: INDEX; Schema: public; Owner: postgres
--

CREATE UNIQUE INDEX "RoleNameIndex" ON public."AspNetRoles" USING btree ("NormalizedName");


--
-- Name: UserNameIndex; Type: INDEX; Schema: public; Owner: postgres
--

CREATE UNIQUE INDEX "UserNameIndex" ON public."AspNetUsers" USING btree ("NormalizedUserName");


--
-- Name: AspNetRoleClaims FK_AspNetRoleClaims_AspNetRoles_RoleId; Type: FK CONSTRAINT; Schema: public; Owner: postgres
--

ALTER TABLE ONLY public."AspNetRoleClaims"
    ADD CONSTRAINT "FK_AspNetRoleClaims_AspNetRoles_RoleId" FOREIGN KEY ("RoleId") REFERENCES public."AspNetRoles"("Id") ON DELETE CASCADE;


--
-- Name: AspNetUserClaims FK_AspNetUserClaims_AspNetUsers_UserId; Type: FK CONSTRAINT; Schema: public; Owner: postgres
--

ALTER TABLE ONLY public."AspNetUserClaims"
    ADD CONSTRAINT "FK_AspNetUserClaims_AspNetUsers_UserId" FOREIGN KEY ("UserId") REFERENCES public."AspNetUsers"("Id") ON DELETE CASCADE;


--
-- Name: AspNetUserLogins FK_AspNetUserLogins_AspNetUsers_UserId; Type: FK CONSTRAINT; Schema: public; Owner: postgres
--

ALTER TABLE ONLY public."AspNetUserLogins"
    ADD CONSTRAINT "FK_AspNetUserLogins_AspNetUsers_UserId" FOREIGN KEY ("UserId") REFERENCES public."AspNetUsers"("Id") ON DELETE CASCADE;


--
-- Name: AspNetUserRoles FK_AspNetUserRoles_AspNetRoles_RoleId; Type: FK CONSTRAINT; Schema: public; Owner: postgres
--

ALTER TABLE ONLY public."AspNetUserRoles"
    ADD CONSTRAINT "FK_AspNetUserRoles_AspNetRoles_RoleId" FOREIGN KEY ("RoleId") REFERENCES public."AspNetRoles"("Id") ON DELETE CASCADE;


--
-- Name: AspNetUserRoles FK_AspNetUserRoles_AspNetUsers_UserId; Type: FK CONSTRAINT; Schema: public; Owner: postgres
--

ALTER TABLE ONLY public."AspNetUserRoles"
    ADD CONSTRAINT "FK_AspNetUserRoles_AspNetUsers_UserId" FOREIGN KEY ("UserId") REFERENCES public."AspNetUsers"("Id") ON DELETE CASCADE;


--
-- Name: AspNetUserTokens FK_AspNetUserTokens_AspNetUsers_UserId; Type: FK CONSTRAINT; Schema: public; Owner: postgres
--

ALTER TABLE ONLY public."AspNetUserTokens"
    ADD CONSTRAINT "FK_AspNetUserTokens_AspNetUsers_UserId" FOREIGN KEY ("UserId") REFERENCES public."AspNetUsers"("Id") ON DELETE CASCADE;


--
-- Name: Reviews FK_Reviews_AspNetUsers_UserId; Type: FK CONSTRAINT; Schema: public; Owner: postgres
--

ALTER TABLE ONLY public."Reviews"
    ADD CONSTRAINT "FK_Reviews_AspNetUsers_UserId" FOREIGN KEY ("UserId") REFERENCES public."AspNetUsers"("Id") ON DELETE CASCADE;


--
-- Name: Reviews FK_Reviews_Films_FilmId; Type: FK CONSTRAINT; Schema: public; Owner: postgres
--

ALTER TABLE ONLY public."Reviews"
    ADD CONSTRAINT "FK_Reviews_Films_FilmId" FOREIGN KEY ("FilmId") REFERENCES public."Films"("Id") ON DELETE CASCADE;


--
-- PostgreSQL database dump complete
--

